"Id","Name","Description","AlertingPolicy","Priority","FullProtectionSlaTimeMins","IsActive","PolicyName","PolicyDaysToKeep","PolicyDescription","LastBackupRunStatus","LastBackupRunName","LastBackupStartTime","LastBackupEndTime","LastBackupElapsedTime","LastBackupTotalSourceSizeGB","LastBackupTotalLogicalBackupSizeGB","LastCopyRunStatus","LastCopyRunName","LastCopyStartTime","LastCopyEndTime","LastCopyElapsedTime","LastCopyLogicalGBTransferred","LastCopyTotalLogicalSizeGB","TotalLogicalBackupSizeGB","SummaryAverageRuntime","SummaryFastestRunTime","SummarySlowestRunTime","SummaryNumSuccessfulRuns","SummaryTotalLogicalBackupSizeGB"
"18","fs005_ECM-media",,"KFailure","KMedium","420",,"Bronze","45","This is the Bronze Policy","KSuccess","\\fs005.sigi.us.selective.com\ECM_media","3/12/2020 6:01:01 PM","3/13/2020 12:34:22 AM","06:33:21","0","593.44","KSuccess",,"3/13/2020 1:00:07 AM",,,,,"593.44","06:33:20","06:33:20","06:33:20","1","593.44"
"62","vm_test_2am",,"KFailure","KMedium","720",,"bronze_test","15",,"KSuccess","DBSH-DB10T","3/13/2020 2:00:00 AM","3/13/2020 3:06:10 AM","01:06:10","66069.36","49603.56","KSuccess",,"3/13/2020 1:00:07 AM",,,,,"49603.56","01:06:10","01:06:10","01:06:10","1","49603.56"
"64","vm_test_purefa4_tn_08",,"KFailure","KMedium","420",,"bronze_test","15",,"KSuccess","ADPG-AP02T","3/13/2020 2:00:00 AM","3/13/2020 2:18:11 AM","00:18:11","26170","17625","KSuccess",,"3/13/2020 1:00:07 AM",,,,,"17625","00:18:10","00:18:10","00:18:10","1","17625"
"71","vm_test_purefa4_tn_06",,"KFailure","KMedium","420",,"bronze_test","15",,"KSuccess","CORP-AP09T","3/13/2020 2:30:00 AM","3/13/2020 2:45:13 AM","00:15:13","16027.5","16027.5","KSuccess",,"3/13/2020 1:00:07 AM",,,,,"16027.5","00:15:13","00:15:13","00:15:13","1","16027.5"
"85","NASFS005images","fs005images","KFailure","KMedium","2880","False",,,,,"CORP-AP09T","3/13/2020 2:30:00 AM","3/13/2020 2:45:13 AM","00:15:13","16027.5","16027.5","KSuccess",,"3/13/2020 1:00:07 AM",,,,,"16027.5","00:15:13","00:15:13","00:15:13",,"16027.5"
"88","NASFS10-07 Daily","NASFS10-07 Daily","KFailure","KMedium","2880","False",,,,,"CORP-AP09T","3/13/2020 2:30:00 AM","3/13/2020 2:45:13 AM","00:15:13","16027.5","16027.5","KSuccess",,"3/13/2020 1:00:07 AM",,,,,"16027.5","00:15:13","00:15:13","00:15:13",,"16027.5"
"89","SQLBKUPDB375T",,"KFailure","KMedium","120","False",,,,,"CORP-AP09T","3/13/2020 2:30:00 AM","3/13/2020 2:45:13 AM","00:15:13","16027.5","16027.5","KSuccess",,"3/13/2020 1:00:07 AM",,,,,"16027.5","00:15:13","00:15:13","00:15:13",,"16027.5"
"91","NASBackupDailyFS010_02",,"KFailure","KMedium","120","False",,,,,"CORP-AP09T","3/13/2020 2:30:00 AM","3/13/2020 2:45:13 AM","00:15:13","16027.5","16027.5","KSuccess",,"3/13/2020 1:00:07 AM",,,,,"16027.5","00:15:13","00:15:13","00:15:13",,"16027.5"
"92","NAS Share SQL PROD 2",,"KFailure","KMedium","120","False",,,,,"CORP-AP09T","3/13/2020 2:30:00 AM","3/13/2020 2:45:13 AM","00:15:13","16027.5","16027.5","KSuccess",,"3/13/2020 1:00:07 AM",,,,,"16027.5","00:15:13","00:15:13","00:15:13",,"16027.5"
"93","NAS_SQL_PROD9",,"KFailure","KMedium","120","False",,,,,"CORP-AP09T","3/13/2020 2:30:00 AM","3/13/2020 2:45:13 AM","00:15:13","16027.5","16027.5","KSuccess",,"3/13/2020 1:00:07 AM",,,,,"16027.5","00:15:13","00:15:13","00:15:13",,"16027.5"
"295","vm_test_purefa4_tn_05",,"KFailure","KMedium","420",,"bronze_test","15",,"KSuccess","APD200ECV","3/12/2020 11:00:00 PM","3/12/2020 11:33:18 PM","00:33:18","5602.01","5602.01","KSuccess",,"3/13/2020 1:00:07 AM",,,,,"5602.01","00:33:18","00:33:18","00:33:18","1","5602.01"
"299","vm_test_purefa4_tn_04",,"KFailure","KHigh","420",,"bronze_test","15",,"KSuccess","PLOD-IS01T","3/13/2020 1:30:01 AM","3/13/2020 1:42:10 AM","00:12:09","7928.5","7928.5","KSuccess",,"3/13/2020 1:00:07 AM",,,,,"7928.5","00:12:09","00:12:09","00:12:09","1","7928.5"
"304","vm_test_purefa4_tn_03",,"KFailure","KMedium","420",,"bronze_test","15",,"KSuccess","AP431","3/13/2020 12:00:00 AM","3/13/2020 12:19:22 AM","00:19:22","5557.75","5557.75","KSuccess",,"3/13/2020 1:00:07 AM",,,,,"5557.75","00:19:22","00:19:22","00:19:22","1","5557.75"
"307","vm_test_purefa4_tn_02",,"KFailure","KMedium","420",,"bronze_test","15",,"KSuccess","ECCT-IS03T","3/13/2020 12:00:00 AM","3/13/2020 12:22:24 AM","00:22:24","10172.5","10172.5","KSuccess",,"3/13/2020 1:00:07 AM",,,,,"10172.5","00:22:24","00:22:24","00:22:24","1","10172.5"
"310","vm_test_purefa4_tn_01",,"KFailure","KMedium","720",,"bronze_test","15",,"KSuccess","imss-ap03t","3/12/2020 11:00:00 PM","3/12/2020 11:52:35 PM","00:52:35","40799.29","40799.29","KSuccess",,"3/13/2020 1:00:07 AM",,,,,"40799.29","00:52:35","00:52:35","00:52:35","1","40799.29"
"1013","SQL Prod NAS",,"KFailure","KMedium","120","False",,,,,"imss-ap03t","3/12/2020 11:00:00 PM","3/12/2020 11:52:35 PM","00:52:35","40799.29","40799.29","KSuccess",,"3/13/2020 1:00:07 AM",,,,,"40799.29","00:52:35","00:52:35","00:52:35",,"40799.29"
"1630","NASFS010_03",,"KFailure","KMedium","120","False",,,,,"imss-ap03t","3/12/2020 11:00:00 PM","3/12/2020 11:52:35 PM","00:52:35","40799.29","40799.29","KSuccess",,"3/13/2020 1:00:07 AM",,,,,"40799.29","00:52:35","00:52:35","00:52:35",,"40799.29"
"1648","NAS_SQLPROD3",,"KFailure","KMedium","120","False",,,,,"imss-ap03t","3/12/2020 11:00:00 PM","3/12/2020 11:52:35 PM","00:52:35","40799.29","40799.29","KSuccess",,"3/13/2020 1:00:07 AM",,,,,"40799.29","00:52:35","00:52:35","00:52:35",,"40799.29"
"1657","SQLPROD4_NAS",,"KFailure","KMedium","120","False",,,,,"imss-ap03t","3/12/2020 11:00:00 PM","3/12/2020 11:52:35 PM","00:52:35","40799.29","40799.29","KSuccess",,"3/13/2020 1:00:07 AM",,,,,"40799.29","00:52:35","00:52:35","00:52:35",,"40799.29"
"3776","NAS_SQLPROD7",,"KFailure","KMedium","120","False",,,,,"imss-ap03t","3/12/2020 11:00:00 PM","3/12/2020 11:52:35 PM","00:52:35","40799.29","40799.29","KSuccess",,"3/13/2020 1:00:07 AM",,,,,"40799.29","00:52:35","00:52:35","00:52:35",,"40799.29"
"3803","NAS_SQL6",,"KFailure","KMedium","120","False",,,,,"imss-ap03t","3/12/2020 11:00:00 PM","3/12/2020 11:52:35 PM","00:52:35","40799.29","40799.29","KSuccess",,"3/13/2020 1:00:07 AM",,,,,"40799.29","00:52:35","00:52:35","00:52:35",,"40799.29"
"3825","SQLDBPRODBKUP1",,"KFailure","KMedium","120","False",,,,,"imss-ap03t","3/12/2020 11:00:00 PM","3/12/2020 11:52:35 PM","00:52:35","40799.29","40799.29","KSuccess",,"3/13/2020 1:00:07 AM",,,,,"40799.29","00:52:35","00:52:35","00:52:35",,"40799.29"
"5844","NAS_PROD_FSDC02_ADMIN",,"KFailure","KMedium","120",,"Bronze","45","This is the Bronze Policy",,"imss-ap03t","3/12/2020 11:00:00 PM","3/12/2020 11:52:35 PM","00:52:35","40799.29","40799.29","KSuccess",,"3/13/2020 1:00:07 AM",,,,,"40799.29","00:52:35","00:52:35","00:52:35",,"40799.29"
"5849","NAS_PROD_FSDC02E",,"KFailure","KMedium","120",,"Bronze","45","This is the Bronze Policy",,"imss-ap03t","3/12/2020 11:00:00 PM","3/12/2020 11:52:35 PM","00:52:35","40799.29","40799.29","KSuccess",,"3/13/2020 1:00:07 AM",,,,,"40799.29","00:52:35","00:52:35","00:52:35",,"40799.29"
"7263","dd_nas_sql_prod12",,"KFailure","KMedium","120",,"dd_share_prod","45",,,"imss-ap03t","3/12/2020 11:00:00 PM","3/12/2020 11:52:35 PM","00:52:35","40799.29","40799.29","KSuccess",,"3/13/2020 1:00:07 AM",,,,,"40799.29","00:52:35","00:52:35","00:52:35",,"40799.29"
"8788","dd_nas_sql_prod2",,"KFailure","KMedium","120",,"dd_share_prod","45",,,"imss-ap03t","3/12/2020 11:00:00 PM","3/12/2020 11:52:35 PM","00:52:35","40799.29","40799.29","KSuccess",,"3/13/2020 1:00:07 AM",,,,,"40799.29","00:52:35","00:52:35","00:52:35",,"40799.29"
"9706","nas_unity600_ecmfilemounttst",,"KFailure","KMedium","720",,"nas_unity600_test","15",,"KSuccess","\\nas0641-b-01\ecmfilemounttst","3/12/2020 6:00:01 PM","3/12/2020 11:12:57 PM","05:12:56","0","829.16","KSuccess",,"3/13/2020 1:00:07 AM",,,,,"829.16","05:12:55","05:12:55","05:12:55","1","829.16"
"9733","dd_nas_sql_prod3",,"KFailure","KMedium","120",,"dd_share_prod","45",,,"\\nas0641-b-01\ecmfilemounttst","3/12/2020 6:00:01 PM","3/12/2020 11:12:57 PM","05:12:56","0","829.16","KSuccess",,"3/13/2020 1:00:07 AM",,,,,"829.16","05:12:55","05:12:55","05:12:55",,"829.16"
"9735","dd_nas_sql_prod4",,"KFailure","KMedium","120",,"dd_share_prod","45",,,"\\nas0641-b-01\ecmfilemounttst","3/12/2020 6:00:01 PM","3/12/2020 11:12:57 PM","05:12:56","0","829.16","KSuccess",,"3/13/2020 1:00:07 AM",,,,,"829.16","05:12:55","05:12:55","05:12:55",,"829.16"
"22311","dd_nas_sql_prod10",,"KFailure","KMedium","120",,"dd_share_prod","45",,,"\\nas0641-b-01\ecmfilemounttst","3/12/2020 6:00:01 PM","3/12/2020 11:12:57 PM","05:12:56","0","829.16","KSuccess",,"3/13/2020 1:00:07 AM",,,,,"829.16","05:12:55","05:12:55","05:12:55",,"829.16"
"22377","nas_unity600_Clmfilemount",,"KFailure","KMedium","120",,"nas_unity600_prod","45",,"KSuccess","\\nas0641-b-01\Clmfilemount","3/12/2020 7:28:01 PM","3/12/2020 7:35:13 PM","00:07:12","0","0","KSuccess",,"3/13/2020 1:00:07 AM",,,,,"0","00:07:12","00:07:12","00:07:12","1","0"
"22381","nas_unity600_eccx-fs01p",,"KFailure","KMedium","120",,"nas_unity600_prod","45",,"KSuccess","\\nas0641-b-01\eccx-fs01p","3/12/2020 7:31:01 PM","3/12/2020 7:36:56 PM","00:05:55","0","0","KSuccess",,"3/13/2020 1:00:07 AM",,,,,"0","00:05:55","00:05:55","00:05:55","1","0"
"22385","nas_unity600_edal-fs01p",,"KFailure","KMedium","120",,"nas_unity600_prod","45",,"KSuccess","\\nas0641-a-01\edal-fs01p","3/13/2020 4:33:00 AM","3/13/2020 4:33:23 AM","00:00:23","0","111.77","KSuccess",,"3/13/2020 1:00:07 AM",,,,,"111.77","00:00:23","00:00:23","00:00:23","1","111.77"
"22387","nas_unity600_file1billprod_snapshot",,"KFailure","KMedium","420",,"nas_unity600_prod","45",,"KSuccess","\\nas0641-a-01\file1billprod","3/13/2020 4:34:00 AM","3/13/2020 5:14:13 AM","00:40:13","0","5869.34","KSuccess",,"3/13/2020 1:00:07 AM",,,,,"5869.34","00:40:13","00:40:13","00:40:13","1","5869.34"
"22396","nas_unity600_ecfs-fs01azp",,"KFailure","KMedium","120",,"nas_unity600_prod","45",,"KSuccess","\\nas0641-b-01\ecfs-fs01azp","3/13/2020 4:43:01 AM","3/13/2020 4:43:10 AM","00:00:09","0","7.89","KSuccess",,"3/13/2020 1:00:07 AM",,,,,"7.89","00:00:09","00:00:09","00:00:09","1","7.89"
"22398","nas_unity600_ecmfilemount",,"KFailure","KMedium","120",,"nas_unity600_prod","45",,"KSuccess","\\nas0641-b-01\ecmfilemount","3/13/2020 4:44:00 AM","3/13/2020 10:04:51 AM","05:20:51","0","26078.92","KSuccess",,"3/13/2020 1:00:07 AM",,,,,"26078.92","05:20:51","05:20:51","05:20:51","1","26078.92"
"22405","nas_unity600_fs001_snapshot ",,"KFailure","KMedium","420",,"nas_unity600_prod","45",,"KSuccess","\\nas0641-b-01\fs001","3/13/2020 1:00:00 AM","3/13/2020 2:26:37 AM","01:26:37","0","7833.37","KSuccess",,"3/13/2020 1:00:07 AM",,,,,"7833.37","01:26:36","01:26:36","01:26:36","1","7833.37"
"22410","nas_unity600_fs002",,"KFailure","KMedium","720",,"nas_unity600_prod","45",,"KSuccess","\\nas0641-b-01\fs002","3/12/2020 7:00:01 PM","3/12/2020 8:09:52 PM","01:09:51","0","9193.96","KSuccess",,"3/13/2020 1:00:07 AM",,,,,"9193.96","01:09:50","01:09:50","01:09:50","1","9193.96"
"22412","nas_unity600_fs004_snapshot",,"KFailure","KMedium","720",,"nas_unity600_prod","45",,"KSuccess","\\nas0641-b-01\fs004","3/12/2020 6:00:01 PM","3/13/2020 5:33:43 AM","11:33:42","0","10388.91","KSuccess",,"3/13/2020 1:00:07 AM",,,,,"10388.91","11:33:42","11:33:42","11:33:42","1","10388.91"
"24731","dd_nfs_MarkLogic_Test",,"KFailure","KMedium","120",,"dd_share_test","15",,,"\\nas0641-b-01\fs004","3/12/2020 6:00:01 PM","3/13/2020 5:33:43 AM","11:33:42","0","10388.91","KSuccess",,"3/13/2020 1:00:07 AM",,,,,"10388.91","11:33:42","11:33:42","11:33:42",,"10388.91"
"44161","nas_unity600_fs201",,"KFailure","KMedium","420",,"nas_unity600_prod","45",,"KSuccess","\\nas0641-a-01\fs201","3/13/2020 3:43:00 AM","3/13/2020 10:01:39 AM","06:18:39","0","1621.83","KSuccess",,"3/13/2020 1:00:07 AM",,,,,"1621.83","06:18:39","06:18:39","06:18:39","1","1621.83"
"78974","dd_nfs_netezza",,"KFailure","KMedium","120",,"dd_share_prod","45",,,"\\nas0641-a-01\fs201","3/13/2020 3:43:00 AM","3/13/2020 10:01:39 AM","06:18:39","0","1621.83","KSuccess",,"3/13/2020 1:00:07 AM",,,,,"1621.83","06:18:39","06:18:39","06:18:39",,"1621.83"
"78989","dd_nfs_netezza_test",,"KFailure","KMedium","120",,"dd_share_prod","45",,,"\\nas0641-a-01\fs201","3/13/2020 3:43:00 AM","3/13/2020 10:01:39 AM","06:18:39","0","1621.83","KSuccess",,"3/13/2020 1:00:07 AM",,,,,"1621.83","06:18:39","06:18:39","06:18:39",,"1621.83"
"181225","nas_unity600_fs005",,"KFailure","KMedium","480",,"nas_unity600_prod","45",,"KSuccess","\\nas0641-b-01\fs005","3/12/2020 10:00:01 PM","3/13/2020 12:15:23 AM","02:15:22","0","13467.93","KSuccess",,"3/13/2020 1:00:07 AM",,,,,"13467.93","02:15:21","02:15:21","02:15:21","1","13467.93"
"181252","nas_unity600_fs008",,"KFailure","KMedium","120",,"nas_unity600_prod","45",,"KSuccess","\\nas0641-b-01\fs008","3/12/2020 9:38:00 PM","3/12/2020 9:39:45 PM","00:01:45","0","59.23","KSuccess",,"3/13/2020 1:00:07 AM",,,,,"59.23","00:01:45","00:01:45","00:01:45","1","59.23"
"181279","nas_unity600_fs009",,"KFailure","KMedium","120",,"nas_unity600_prod","45",,"KSuccess","\\nas0641-b-01\fs009","3/12/2020 10:39:00 PM","3/12/2020 10:39:46 PM","00:00:46","0","50.44","KSuccess",,"3/13/2020 1:00:07 AM",,,,,"50.44","00:00:46","00:00:46","00:00:46","1","50.44"
"181418","nas_unity600_fs010",,"KFailure","KMedium","420",,"nas_unity600_prod","45",,"KSuccess","\\nas0641-a-01\fs010","3/12/2020 6:00:01 PM","3/13/2020 2:09:32 AM","08:09:31","0","27200.73","KSuccess",,"3/13/2020 1:00:07 AM",,,,,"27200.73","08:09:31","08:09:31","08:09:31","1","27200.73"
"181445","nas_unity600_fs011_snapshot",,"KFailure","KMedium","120",,"nas_unity600_prod","45",,"KSuccess","\\nas0641-a-01\fs011","3/13/2020 3:45:01 AM","3/13/2020 3:47:46 AM","00:02:45","0","41.49","KSuccess",,"3/13/2020 1:00:07 AM",,,,,"41.49","00:02:45","00:02:45","00:02:45","1","41.49"
"181472","nas_unity600_fs012",,"KFailure","KMedium","120",,"nas_unity600_prod","45",,"KSuccess","\\nas0641-a-01\fs012","3/12/2020 11:46:00 PM","3/12/2020 11:46:39 PM","00:00:39","0","5.16","KSuccess",,"3/13/2020 1:00:07 AM",,,,,"5.16","00:00:39","00:00:39","00:00:39","1","5.16"
"181499","nas_unity600_fs014",,"KFailure","KMedium","720",,"nas_unity600_prod","45",,"KSuccess","\\nas0641-a-01\fs014","3/12/2020 9:47:00 PM","3/12/2020 9:47:08 PM","00:00:08","0","0.62","KSuccess",,"3/13/2020 1:00:07 AM",,,,,"0.62","00:00:08","00:00:08","00:00:08","1","0.62"
"181513","nas_unity600_fs015",,"KFailure","KMedium","420",,"nas_unity600_prod","45",,"KSuccess","\\nas0641-a-01\fs015","3/13/2020 1:48:00 AM","3/13/2020 2:07:48 AM","00:19:48","0","126.63","KSuccess",,"3/13/2020 1:00:07 AM",,,,,"126.63","00:19:48","00:19:48","00:19:48","1","126.63"
"189007","nas_unity600_fs025",,"KFailure","KMedium","420",,"nas_unity600_prod","45",,"KSuccess","\\nas0641-a-01\fs025","3/13/2020 3:36:01 AM","3/13/2020 4:15:56 AM","00:39:55","0","4053.83","KSuccess",,"3/13/2020 1:00:07 AM",,,,,"4053.83","00:39:55","00:39:55","00:39:55","1","4053.83"
"189034","nas_unity600_fs026",,"KFailure","KMedium","420",,"nas_unity600_prod","45",,"KSuccess","\\nas0641-b-01\fs026","3/13/2020 3:37:00 AM","3/13/2020 3:48:13 AM","00:11:13","0","169.5","KSuccess",,"3/13/2020 1:00:07 AM",,,,,"169.5","00:11:13","00:11:13","00:11:13","1","169.5"
"189063","nas_unity600_fs027",,"KFailure","KMedium","720",,"nas_unity600_prod","45",,"KSuccess","\\nas0641-a-01\fs027","3/12/2020 6:39:01 PM","3/12/2020 6:54:16 PM","00:15:15","0","0","KSuccess",,"3/13/2020 1:00:07 AM",,,,,"0","00:15:15","00:15:15","00:15:15","1","0"
"189090","nas_unity600_fs028",,"KFailure","KMedium","120",,"nas_unity600_prod","45",,"KSuccess","\\nas0641-b-01\fs028","3/12/2020 11:40:01 PM","3/12/2020 11:40:15 PM","00:00:14","0","0","KSuccess",,"3/13/2020 1:00:07 AM",,,,,"0","00:00:14","00:00:14","00:00:14","1","0"
"189121","nas_unity600_fs051",,"KFailure","KMedium","600",,"nas_unity600_prod","45",,"KSuccess","\\nas0641-a-01\fs051","3/12/2020 8:00:01 PM","3/13/2020 1:06:27 AM","05:06:26","0","5784.87","KSuccess",,"3/13/2020 1:00:07 AM",,,,,"5784.87","05:06:26","05:06:26","05:06:26","1","5784.87"
"257486","dd_nfs_MarkLogic_Prod",,"KFailure","KMedium","120",,"dd_share_prod_no_repl","45",,,"\\nas0641-a-01\fs051","3/12/2020 8:00:01 PM","3/13/2020 1:06:27 AM","05:06:26","0","5784.87","KSuccess",,"3/13/2020 1:00:07 AM",,,,,"5784.87","05:06:26","05:06:26","05:06:26",,"5784.87"
"257505","dd_nfs_MarkLogic_Dev",,"KFailure","KMedium","120",,"dd_share_prod","45",,,"\\nas0641-a-01\fs051","3/12/2020 8:00:01 PM","3/13/2020 1:06:27 AM","05:06:26","0","5784.87","KSuccess",,"3/13/2020 1:00:07 AM",,,,,"5784.87","05:06:26","05:06:26","05:06:26",,"5784.87"
"295007","nas_unity600_fs068",,"KFailure","KMedium","420",,"nas_unity600_prod","45",,"KSuccess","\\nas0641-a-01\fs068","3/12/2020 10:49:00 PM","3/12/2020 11:59:14 PM","01:10:14","0","2085.3","KSuccess",,"3/13/2020 1:00:07 AM",,,,,"2085.3","01:10:14","01:10:14","01:10:14","1","2085.3"
"295034","nas_unity600_fs116",,"KFailure","KMedium","420",,"nas_unity600_prod","45",,"KSuccess","\\nas0641-b-01\fs116","3/12/2020 10:50:00 PM","3/12/2020 10:50:12 PM","00:00:12","0","0.04","KSuccess",,"3/13/2020 1:00:07 AM",,,,,"0.04","00:00:12","00:00:12","00:00:12","1","0.04"
"295061","nas_unity600_fs122",,"KFailure","KMedium","120",,"nas_unity600_prod","45",,"KSuccess","\\nas0641-a-01\fs122","3/12/2020 10:51:00 PM","3/12/2020 11:01:14 PM","00:10:14","0","105.73","KSuccess",,"3/13/2020 1:00:07 AM",,,,,"105.73","00:10:14","00:10:14","00:10:14","1","105.73"
"295075","nas_unity600_fs123_snapshot",,"KFailure","KMedium","420",,"nas_unity600_prod","45",,"KSuccess","\\nas0641-a-01\fs123","3/12/2020 10:52:01 PM","3/12/2020 10:54:02 PM","00:02:01","0","9.74","KSuccess",,"3/13/2020 1:00:07 AM",,,,,"9.74","00:02:01","00:02:01","00:02:01","1","9.74"
"429842","nas_unity600_fs205",,"KFailure","KMedium","720",,"nas_unity600_prod","45",,"KSuccess","\\nas0641-a-01\fs205","3/12/2020 7:03:01 PM","3/12/2020 9:55:42 PM","02:52:41","0","568.18","KSuccess",,"3/13/2020 1:00:07 AM",,,,,"568.18","02:52:41","02:52:41","02:52:41","1","568.18"
"429857","nas_unity600_fs206",,"KFailure","KMedium","120",,"nas_unity600_prod","45",,"KSuccess","\\nas0641-b-01\fs206","3/13/2020 1:04:01 AM","3/13/2020 1:12:41 AM","00:08:40","0","58.89","KSuccess",,"3/13/2020 1:00:07 AM",,,,,"58.89","00:08:40","00:08:40","00:08:40","1","58.89"
"429886","nas_unity600_fs302_snapshot",,"KFailure","KMedium","720",,"nas_unity600_prod","45",,"KSuccess","\\nas0641-a-01\fs302","3/12/2020 6:00:01 PM","3/12/2020 9:15:19 PM","03:15:18","0","493.38","KSuccess",,"3/13/2020 1:00:07 AM",,,,,"493.38","03:15:17","03:15:17","03:15:17","1","493.38"
"429903","nas_unity600_fs405",,"KFailure","KMedium","420",,"nas_unity600_prod","45",,"KSuccess","\\nas0641-a-01\fs405","3/12/2020 11:06:00 PM","3/12/2020 11:10:11 PM","00:04:11","0","14.6","KSuccess",,"3/13/2020 1:00:07 AM",,,,,"14.6","00:04:11","00:04:11","00:04:11","1","14.6"
"429923","nas_unity600_fs496",,"KFailure","KMedium","420",,"nas_unity600_prod","45",,"KSuccess","\\nas0641-a-01\fs496","3/13/2020 1:06:00 AM","3/13/2020 1:07:04 AM","00:01:04","0","3309.84","KSuccess",,"3/13/2020 1:00:07 AM",,,,,"3309.84","00:01:04","00:01:04","00:01:04","1","3309.84"
"492477","nas_unity600_fsdc01_snapshot",,"KFailure","KMedium","720",,"unity600_13month","390",,"KSuccess","\\nas0641-a-01\fsdc01","3/12/2020 6:43:00 PM","3/12/2020 11:27:44 PM","04:44:44","0","8477.08","KSuccess",,"3/13/2020 1:00:07 AM",,,,,"8477.08","04:44:44","04:44:44","04:44:44","1","8477.08"
"492511","nas_unity600_fsdc02_snapshot",,"KFailure","KMedium","720",,"unity600_13month","390",,"KSuccess","\\nas0641-a-01\fsdc02","3/12/2020 9:45:00 PM","3/12/2020 10:45:42 PM","01:00:42","0","7074.53","KSuccess",,"3/13/2020 1:00:07 AM",,,,,"7074.53","01:00:41","01:00:41","01:00:41","1","7074.53"
"492634","nas_unity600_sbnas-fs01p",,"KFailure","KMedium","120",,"nas_unity600_prod","45",,"KSuccess","\\nas0641-a-01\sbnas-fs01p","3/13/2020 5:51:01 AM","3/13/2020 6:36:57 AM","00:45:56","0","1785.83","KSuccess",,"3/13/2020 1:00:07 AM",,,,,"1785.83","00:45:55","00:45:55","00:45:55","1","1785.83"
"492659","nas_unity600_talg-fs01p",,"KFailure","KMedium","420",,"nas_unity600_prod","45",,"KSuccess","\\nas0641-a-01\talg-fs01p","3/12/2020 9:52:01 PM","3/12/2020 9:52:34 PM","00:00:33","0","2061.03","KSuccess",,"3/13/2020 1:00:07 AM",,,,,"2061.03","00:00:33","00:00:33","00:00:33","1","2061.03"
"1080607","VM_Prod_6PM",,"KFailure","KHigh","720",,"Bronze_NoBlackout","45",,"KSuccess","AP711","3/12/2020 6:00:01 PM","3/12/2020 11:54:30 PM","05:54:29","283380.62","260104.02","KSuccess",,"3/13/2020 1:00:07 AM",,,,,"260104.02","05:54:29","05:54:29","05:54:29","1","260104.02"
"1615126","Remote_Office_Richmond_File",,"KFailure","KMedium","720",,"prod_file_repl_az","45",,"KSuccess","mgmt165.sigi.us.selective.com","3/12/2020 10:00:01 PM","3/12/2020 10:14:27 PM","00:14:26","273.39","74.83","KSuccess","mgmt165.sigi.us.selective.com","3/12/2020 10:16:09 PM","3/12/2020 10:20:13 PM","00:04:04","0.47","88.28","74.83","00:14:25","00:14:25","00:14:25","1","74.83"
"1708311","tsm_prod_view_protect",,"KFailure","KMedium","120",,"view_protection_prod","45",,,"mgmt165.sigi.us.selective.com","3/12/2020 10:00:01 PM","3/12/2020 10:14:27 PM","00:14:26","273.39","74.83","KSuccess",,"3/12/2020 10:16:09 PM","3/12/2020 10:20:13 PM","00:04:04","0.47","88.28","74.83","00:14:25","00:14:25","00:14:25",,"74.83"
"1794036","test_file_15d",,"KFailure","KMedium","720",,"file_test","15",,"KSuccess","IMIF-AP01L","3/13/2020 12:49:02 AM","3/13/2020 1:06:08 AM","00:17:06","884.73","294.38","KSuccess",,"3/12/2020 10:16:09 PM","3/12/2020 10:20:13 PM","00:04:04","0.47","88.28","294.38","00:17:06","00:17:06","00:17:06","1","294.38"
"1912965","dd_nas_DB_Archive",,"KFailure","KMedium","120",,"nas_unity600_prod","45",,,"IMIF-AP01L","3/13/2020 12:49:02 AM","3/13/2020 1:06:08 AM","00:17:06","884.73","294.38","KSuccess",,"3/12/2020 10:16:09 PM","3/12/2020 10:20:13 PM","00:04:04","0.47","88.28","294.38","00:17:06","00:17:06","00:17:06",,"294.38"
"1918920","Remote_Office_File_Allentown",,"KFailure","KMedium","720",,"Remote_Office_NoBlackout","45",,"KSuccess","cvww-ap07p.sigi.us.selective.com","3/12/2020 6:00:01 PM","3/12/2020 6:43:35 PM","00:43:34","579.87","41.9","KSuccess",,"3/12/2020 10:16:09 PM","3/12/2020 10:20:13 PM","00:04:04","0.47","88.28","41.9","00:43:33","00:43:33","00:43:33","1","41.9"
"1919433","Remote_Office_File_Carmel",,"KFailure","KMedium","720",,"Remote_Office_NoBlackout","45",,"KSuccess","cvww-ap05p.sigi.us.selective.com","3/12/2020 6:00:01 PM","3/12/2020 6:26:21 PM","00:26:20","40","14.78","KSuccess",,"3/12/2020 10:16:09 PM","3/12/2020 10:20:13 PM","00:04:04","0.47","88.28","14.78","00:26:19","00:26:19","00:26:19","1","14.78"
"2034267","DP_Oracle_View_PROD",,"KFailure","KMedium","120",,"dd_share_prod_no_repl","45",,"KSuccess","oracle","3/13/2020 8:29:00 AM","3/13/2020 8:29:01 AM","00:00:01","151582.88","151582.88","KSuccess",,"3/12/2020 10:16:09 PM","3/12/2020 10:20:13 PM","00:04:04","0.47","88.28","151582.88","00:00:01","00:00:01","00:00:01","1","151582.88"
"2044372","DP_MarkLogic_View_Prod",,"KFailure","KMedium","120",,"view_protection_prod_repl_az","45",,"KSuccess","marklogic_prod","3/12/2020 7:43:01 PM","3/12/2020 7:43:05 PM","00:00:04","0","0","KSuccess","marklogic_prod","3/12/2020 7:45:05 PM","3/12/2020 8:11:55 PM","00:26:50","495.32","0","0","00:00:04","00:00:04","00:00:04","1","0"
"2044512","Remote_Office_File_Buffalo",,"KFailure","KMedium","720",,"Remote_Office_NoBlackout","45",,"KAccepted","fp719.sigi.us.selective.com","3/13/2020 5:00:01 PM","3/12/2020 7:43:05 PM","00:00:04","592.99","0","KRunning",,"3/12/2020 7:45:05 PM","3/12/2020 8:11:55 PM","00:26:50","495.32","0","0","00:00:04","00:00:04","00:00:04",,"0"
"2096036","dc_system_state_view_protection",,"KFailure","KMedium","120",,"dd_share_prod_no_repl","45",,"KSuccess","dc_system_state_bk","3/13/2020 12:00:00 AM","3/13/2020 12:00:02 AM","00:00:02","10.52","10.52","KSuccess",,"3/12/2020 7:45:05 PM","3/12/2020 8:11:55 PM","00:26:50","495.32","0","10.52","00:00:02","00:00:02","00:00:02","1","10.52"
"2128582","netezza_prod_view_repl_az",,"KFailure","KMedium","120",,"view_protection_prod_repl_az","45",,"KSuccess","netezza","3/13/2020 4:05:01 PM","3/13/2020 4:05:05 PM","00:00:04","10632.14","10561.62","KSuccess","netezza","3/13/2020 4:05:07 PM","3/13/2020 5:04:19 PM","00:59:12","77.54","10561.62","10561.62","00:00:04","00:00:04","00:00:04","1","10561.62"
"2238304","remote_office_block_hamilton",,"KFailure","KMedium","720",,"Remote_Office_NoBlackout","45",,"KSuccess","cvww-ap03p.sigi.us.selective.com","3/12/2020 6:00:01 PM","3/13/2020 12:22:23 AM","06:22:22","6025","6025","KSuccess",,"3/13/2020 4:05:07 PM","3/13/2020 5:04:19 PM","00:59:12","77.54","10561.62","6025","06:22:21","06:22:21","06:22:21","1","6025"
"2267469","file_linux_prod",,"KFailure","KMedium","720",,"file_prod_45d","45",,"KSuccess","mgp002sbv.selective.com","3/12/2020 6:00:01 PM","3/12/2020 6:00:24 PM","00:00:23","4607.94","5.49","KSuccess",,"3/13/2020 4:05:07 PM","3/13/2020 5:04:19 PM","00:59:12","77.54","10561.62","5.49","00:00:23","00:00:23","00:00:23","1","5.49"
"2284939","Remote_Office_Block_Charlotte",,"KFailure","KHigh","720",,"Remote_Office_NoBlackout","45",,"KSuccess","fp780.sigi.us.selective.com","3/12/2020 6:00:01 PM","3/12/2020 7:45:23 PM","01:45:22","910.99","910.99","KSuccess",,"3/13/2020 4:05:07 PM","3/13/2020 5:04:19 PM","00:59:12","77.54","10561.62","910.99","01:45:21","01:45:21","01:45:21","1","910.99"
"2285042","remote_office_block_Allentown",,"KFailure","KHigh","720",,"Remote_Office_NoBlackout","45",,"KSuccess","fp730.sigi.us.selective.com","3/12/2020 6:00:01 PM","3/12/2020 8:00:11 PM","02:00:10","889.99","889.99","KSuccess",,"3/13/2020 4:05:07 PM","3/13/2020 5:04:19 PM","00:59:12","77.54","10561.62","889.99","02:00:09","02:00:09","02:00:09","1","889.99"
"2285101","remote_office_block_Richmond",,"KFailure","KMedium","720",,"Remote_Office_Blackout","45",,"KSuccess","sews-mg02p","3/12/2020 6:01:01 PM","3/12/2020 8:32:01 PM","02:31:00","2416.35","2416.35","KSuccess",,"3/13/2020 4:05:07 PM","3/13/2020 5:04:19 PM","00:59:12","77.54","10561.62","2416.35","02:31:00","02:31:00","02:31:00","1","2416.35"
"2285153","remote_office_block_chicago",,"KFailure","KMedium","720",,"Remote_Office_NoBlackout","45",,"KSuccess","cvuf-ap10p.sigi.us.selective.com","3/12/2020 6:00:01 PM","3/12/2020 7:26:42 PM","01:26:41","539.87","539.87","KSuccess",,"3/13/2020 4:05:07 PM","3/13/2020 5:04:19 PM","00:59:12","77.54","10561.62","539.87","01:26:40","01:26:40","01:26:40","1","539.87"
"2285606","remote_office_block_huntvalley",,"KFailure","KMedium","720",,"Remote_Office_NoBlackout","45",,"KSuccess","cvww-ap09p.sigi.us.selective.com","3/12/2020 6:00:01 PM","3/12/2020 10:36:59 PM","04:36:58","1146.98","1146.98","KSuccess",,"3/13/2020 4:05:07 PM","3/13/2020 5:04:19 PM","00:59:12","77.54","10561.62","1146.98","04:36:57","04:36:57","04:36:57","1","1146.98"
"2285669","remote_office_block_elmsford",,"KFailure","KMedium","720",,"Remote_Office_NoBlackout","45",,"KSuccess","fp721.sigi.us.selective.com","3/12/2020 6:00:01 PM","3/12/2020 8:06:41 PM","02:06:40","544.99","544.99","KSuccess",,"3/13/2020 4:05:07 PM","3/13/2020 5:04:19 PM","00:59:12","77.54","10561.62","544.99","02:06:39","02:06:39","02:06:39","1","544.99"
"2298423","remote_offce_block_easthannover",,"KFailure","KMedium","720",,"Remote_Office_NoBlackout","45",,"KSuccess","fp712.sigi.us.selective.com","3/12/2020 6:00:01 PM","3/12/2020 8:01:57 PM","02:01:56","1213.99","1213.99","KSuccess",,"3/13/2020 4:05:07 PM","3/13/2020 5:04:19 PM","00:59:12","77.54","10561.62","1213.99","02:01:55","02:01:55","02:01:55","1","1213.99"
"2298642","nas_unity600_earp-fs01d",,"KFailure","KMedium","420",,"nas_unity600_test","15",,"KSuccess","\\nas0641-a-01\earp-fs01d","3/12/2020 10:22:00 PM","3/12/2020 10:29:32 PM","00:07:32","0","56.84","KSuccess",,"3/13/2020 4:05:07 PM","3/13/2020 5:04:19 PM","00:59:12","77.54","10561.62","56.84","00:07:32","00:07:32","00:07:32","1","56.84"
"2298652","nas_unity600_fs301_snapshot",,"KFailure","KMedium","420",,"nas_unity600_test","15",,"KSuccess","\\nas0641-B-01\fs301","3/12/2020 10:24:00 PM","3/12/2020 10:36:01 PM","00:12:01","0","748.66","KSuccess",,"3/13/2020 4:05:07 PM","3/13/2020 5:04:19 PM","00:59:12","77.54","10561.62","748.66","00:12:01","00:12:01","00:12:01","1","748.66"
"2298659","nas_unity600_fs113",,"KFailure","KMedium","720",,"nas_unity600_prod","45",,"KSuccess","\\nas0641-B-01\fs113","3/12/2020 10:26:00 PM","3/12/2020 10:27:18 PM","00:01:18","0","4.43","KSuccess",,"3/13/2020 4:05:07 PM","3/13/2020 5:04:19 PM","00:59:12","77.54","10561.62","4.43","00:01:18","00:01:18","00:01:18","1","4.43"
"2298666","nas_unity600_fs115",,"KFailure","KMedium","720",,"nas_unity600_test","15",,"KSuccess","\\nas0641-B-01\fs115","3/12/2020 10:27:00 PM","3/12/2020 10:56:31 PM","00:29:31","0","1470.9","KSuccess",,"3/13/2020 4:05:07 PM","3/13/2020 5:04:19 PM","00:59:12","77.54","10561.62","1470.9","00:29:31","00:29:31","00:29:31","1","1470.9"
"2298681","nas_unity600_clmfilemounttst",,"KFailure","KMedium","720",,"nas_unity600_test","15",,"KSuccess","\\nas0641-B-01\clmfilemounttst","3/12/2020 10:30:01 PM","3/12/2020 10:30:10 PM","00:00:09","0","0","KSuccess",,"3/13/2020 4:05:07 PM","3/13/2020 5:04:19 PM","00:59:12","77.54","10561.62","0","00:00:09","00:00:09","00:00:09","1","0"
"2298703","nas_unity600_file1billltdev",,"KFailure","KMedium","420",,"nas_unity600_test","15",,"KSuccess","\\nas0641-B-01\file1billltdev","3/12/2020 10:31:00 PM","3/12/2020 10:31:20 PM","00:00:20","0","17.03","KSuccess",,"3/13/2020 4:05:07 PM","3/13/2020 5:04:19 PM","00:59:12","77.54","10561.62","17.03","00:00:20","00:00:20","00:00:20","1","17.03"
"2298710","nas_unity600_fs114",,"KFailure","KMedium","720",,"nas_unity600_prod","45",,"KSuccess","\\nas0641-B-01\fs114","3/12/2020 10:32:00 PM","3/12/2020 10:32:32 PM","00:00:32","0","2.29","KSuccess",,"3/13/2020 4:05:07 PM","3/13/2020 5:04:19 PM","00:59:12","77.54","10561.62","2.29","00:00:32","00:00:32","00:00:32","1","2.29"
"2298721","nas_unity600_file1billltct",,"KFailure","KMedium","720",,"nas_unity600_test","15",,"KSuccess","\\nas0641-B-01\file1billltct","3/12/2020 10:34:01 PM","3/12/2020 10:42:04 PM","00:08:03","0","751.86","KSuccess",,"3/13/2020 4:05:07 PM","3/13/2020 5:04:19 PM","00:59:12","77.54","10561.62","751.86","00:08:03","00:08:03","00:08:03","1","751.86"
"2298750","nas_unity600_file1billstct",,"KFailure","KMedium","720",,"nas_unity600_test","15",,"KSuccess","\\nas0641-B-01\file1billstct","3/12/2020 10:40:00 PM","3/12/2020 10:43:55 PM","00:03:55","0","339.29","KSuccess",,"3/13/2020 4:05:07 PM","3/13/2020 5:04:19 PM","00:59:12","77.54","10561.62","339.29","00:03:55","00:03:55","00:03:55","1","339.29"
"2298765","nas_unity600_file1billstdev",,"KFailure","KMedium","120",,"nas_unity600_test","15",,"KSuccess","\\nas0641-B-01\file1billstdev","3/12/2020 10:43:01 PM","3/12/2020 10:43:10 PM","00:00:09","0","0.02","KSuccess",,"3/13/2020 4:05:07 PM","3/13/2020 5:04:19 PM","00:59:12","77.54","10561.62","0.02","00:00:09","00:00:09","00:00:09","1","0.02"
"2298772","nas_unity600_fs200",,"KFailure","KMedium","720",,"nas_unity600_test","15",,"KSuccess","\\nas0641-B-01\fs200","3/12/2020 10:44:00 PM","3/12/2020 10:56:07 PM","00:12:07","0","92.45","KSuccess",,"3/13/2020 4:05:07 PM","3/13/2020 5:04:19 PM","00:59:12","77.54","10561.62","92.45","00:12:07","00:12:07","00:12:07","1","92.45"
"2298777","nas_unity600_fs112",,"KFailure","KMedium","720",,"nas_unity600_test","15",,"KSuccess","\\nas0641-B-01\fs112","3/12/2020 10:46:00 PM","3/12/2020 11:25:57 PM","00:39:57","0","983.57","KSuccess",,"3/13/2020 4:05:07 PM","3/13/2020 5:04:19 PM","00:59:12","77.54","10561.62","983.57","00:39:57","00:39:57","00:39:57","1","983.57"
"2300032","remote_office_block_Horsham",,"KFailure","KMedium","720",,"Remote_Office_NoBlackout","45",,"KSuccess","cvww-ap08p.sigi.us.selective.com","3/12/2020 6:00:01 PM","3/12/2020 8:39:49 PM","02:39:48","786.99","786.99","KSuccess",,"3/13/2020 4:05:07 PM","3/13/2020 5:04:19 PM","00:59:12","77.54","10561.62","786.99","02:39:47","02:39:47","02:39:47","1","786.99"
"2300162","remote_office_block_columbia",,"KFailure","KMedium","720",,"Remote_Office_NoBlackout","45",,"KSuccess","fp717.sigi.us.selective.com","3/12/2020 6:00:01 PM","3/12/2020 7:11:02 PM","01:11:01","439.99","439.99","KSuccess",,"3/13/2020 4:05:07 PM","3/13/2020 5:04:19 PM","00:59:12","77.54","10561.62","439.99","01:11:01","01:11:01","01:11:01","1","439.99"
"2308931","remote_office_block_indianapolis",,"KFailure","KMedium","720",,"Remote_Office_NoBlackout","45",,"KSuccess","fp786.sigi.us.selective.com","3/12/2020 6:00:01 PM","3/12/2020 8:11:43 PM","02:11:42","1079.99","1079.99","KSuccess",,"3/13/2020 4:05:07 PM","3/13/2020 5:04:19 PM","00:59:12","77.54","10561.62","1079.99","02:11:41","02:11:41","02:11:41","1","1079.99"
"2308953","remote_office_block_latham",,"KFailure","KMedium","720",,"Remote_Office_NoBlackout","45",,"KSuccess","fp795.sigi.us.selective.com","3/12/2020 6:00:01 PM","3/12/2020 8:01:13 PM","02:01:12","871.99","871.99","KSuccess",,"3/13/2020 4:05:07 PM","3/13/2020 5:04:19 PM","00:59:12","77.54","10561.62","871.99","02:01:11","02:01:11","02:01:11","1","871.99"
"2308982","remote_office_block_mountlaurel",,"KFailure","KMedium","720",,"Remote_Office_NoBlackout","45",,"KSuccess","fp796.sigi.us.selective.com","3/12/2020 6:00:01 PM","3/12/2020 8:05:14 PM","02:05:13","1021.99","1021.99","KSuccess",,"3/13/2020 4:05:07 PM","3/13/2020 5:04:19 PM","00:59:12","77.54","10561.62","1021.99","02:05:12","02:05:12","02:05:12","1","1021.99"
"2386465","prod_file_45d_6pm",,"KFailure","KMedium","720",,"file_prod_45d","45",,"KSuccess","DB368P","3/12/2020 6:00:01 PM","3/12/2020 7:23:39 PM","01:23:38","20727.58","146.51","KSuccess",,"3/13/2020 4:05:07 PM","3/13/2020 5:04:19 PM","00:59:12","77.54","10561.62","146.51","01:23:38","01:23:38","01:23:38","1","146.51"
"2388186","prod_file_45d_9pm",,"KFailure","KMedium","420",,"file_prod_45d","45",,"KSuccess","DBMM-DB01P","3/13/2020 3:00:00 AM","3/13/2020 3:27:47 AM","00:27:47","2453.66","228.96","KSuccess",,"3/13/2020 4:05:07 PM","3/13/2020 5:04:19 PM","00:59:12","77.54","10561.62","228.96","00:27:46","00:27:46","00:27:46","1","228.96"
"2388278","prod_file_45d_12am",,"KFailure","KMedium","420",,"file_prod_45d","45",,"KSuccess","DB331","3/13/2020 12:00:00 AM","3/13/2020 12:22:34 AM","00:22:34","950.33","135.35","KSuccess",,"3/13/2020 4:05:07 PM","3/13/2020 5:04:19 PM","00:59:12","77.54","10561.62","135.35","00:22:34","00:22:34","00:22:34","1","135.35"
"2406793","prod_file_45d_3am",,"KFailure","KMedium","420",,"file_prod_45d","45",,"KSuccess","IMMS-AP04P","3/13/2020 3:00:00 AM","3/13/2020 3:47:31 AM","00:47:31","30523.26","4188.55","KSuccess",,"3/13/2020 4:05:07 PM","3/13/2020 5:04:19 PM","00:59:12","77.54","10561.62","4188.55","00:47:30","00:47:30","00:47:30","1","4188.55"
"2432428","remote_office_block_pittsburgh",,"KFailure","KMedium","720",,"Remote_Office_NoBlackout","45",,"KSuccess","fp718.sigi.us.selective.com","3/12/2020 6:00:01 PM","3/12/2020 8:21:46 PM","02:21:45","376.99","376.99","KSuccess",,"3/13/2020 4:05:07 PM","3/13/2020 5:04:19 PM","00:59:12","77.54","10561.62","376.99","02:21:45","02:21:45","02:21:45","1","376.99"
"2432499","remote_office_block_scranton",,"KFailure","KMedium","720",,"Remote_Office_NoBlackout","45",,"KSuccess","fp760.sigi.us.selective.com","3/12/2020 6:00:01 PM","3/12/2020 7:52:48 PM","01:52:47","469.99","469.99","KSuccess",,"3/13/2020 4:05:07 PM","3/13/2020 5:04:19 PM","00:59:12","77.54","10561.62","469.99","01:52:46","01:52:46","01:52:46","1","469.99"
"2434278","remote_office_block_farmington",,"KFailure","KMedium","720",,"Remote_Office_NoBlackout","45",,"KSuccess","fp746.sigi.us.selective.com","3/12/2020 6:00:01 PM","3/12/2020 8:43:28 PM","02:43:27","642.99","642.99","KSuccess",,"3/13/2020 4:05:07 PM","3/13/2020 5:04:19 PM","00:59:12","77.54","10561.62","642.99","02:43:26","02:43:26","02:43:26","1","642.99"
"2548063","remote_office_block_Scottsdale",,"KFailure","KMedium","720",,"Remote_Office_NoBlackout","45",,"KSuccess","fs756.sigi.us.selective.com","3/12/2020 6:00:01 PM","3/12/2020 8:10:10 PM","02:10:09","874.99","874.99","KSuccess",,"3/13/2020 4:05:07 PM","3/13/2020 5:04:19 PM","00:59:12","77.54","10561.62","874.99","02:10:08","02:10:08","02:10:08","1","874.99"
"2550365","postgres_prod_VIEW_REPL_AZ",,"KFailure","KMedium","120",,"view_protection_prod_repl_az","45",,"KSuccess","postgres_prod","3/13/2020 3:53:01 AM","3/13/2020 3:53:01 AM","00:00:00","11.86","11.89","KSuccess","postgres_prod","3/13/2020 3:53:06 AM","3/13/2020 3:53:20 AM","00:00:14","0.26","11.89","11.89","00:00:00","00:00:00","02:10:08","1","11.89"
"2710173","remote_office_block_Glastonbury_pq706",,"KFailure","KMedium","720",,"Remote_Office_NoBlackout","45",,"KSuccess","pq706.sigi.us.selective.com","3/12/2020 6:00:01 PM","3/12/2020 7:37:12 PM","01:37:11","384.99","384.99","KSuccess",,"3/13/2020 3:53:06 AM","3/13/2020 3:53:20 AM","00:00:14","0.26","11.89","384.99","01:37:10","01:37:10","01:37:10","1","384.99"
"3085277","remote_office_block_chicago2",,"KFailure","KMedium","720",,"Remote_Office_NoBlackout_5retry","45",,"KSuccess","fs744.sigi.us.selective.com","3/12/2020 6:00:01 PM","3/12/2020 8:24:01 PM","02:24:00","1920.86","1920.86","KSuccess",,"3/13/2020 3:53:06 AM","3/13/2020 3:53:20 AM","00:00:14","0.26","11.89","1920.86","02:24:00","02:24:00","02:24:00","1","1920.86"
"3101570","sql_prod2_view_repl",,"KFailure","KMedium","120",,"dd_share_prod_no_repl","45",,,"fs744.sigi.us.selective.com","3/12/2020 6:00:01 PM","3/12/2020 8:24:01 PM","02:24:00","1920.86","1920.86","KSuccess",,"3/13/2020 3:53:06 AM","3/13/2020 3:53:20 AM","00:00:14","0.26","11.89","1920.86","02:24:00","02:24:00","02:24:00",,"1920.86"
"3101665","sql_prod_view_repl",,"KFailure","KMedium","120",,"dd_share_prod_no_repl","45",,,"fs744.sigi.us.selective.com","3/12/2020 6:00:01 PM","3/12/2020 8:24:01 PM","02:24:00","1920.86","1920.86","KSuccess",,"3/13/2020 3:53:06 AM","3/13/2020 3:53:20 AM","00:00:14","0.26","11.89","1920.86","02:24:00","02:24:00","02:24:00",,"1920.86"
"3101858","sql_prod14_view_repl",,"KFailure","KMedium","120",,"dd_share_prod_no_repl","45",,,"fs744.sigi.us.selective.com","3/12/2020 6:00:01 PM","3/12/2020 8:24:01 PM","02:24:00","1920.86","1920.86","KSuccess",,"3/13/2020 3:53:06 AM","3/13/2020 3:53:20 AM","00:00:14","0.26","11.89","1920.86","02:24:00","02:24:00","02:24:00",,"1920.86"
"3101939","sql_prod18_view_repl",,"KFailure","KMedium","120",,"dd_share_prod_no_repl","45",,,"fs744.sigi.us.selective.com","3/12/2020 6:00:01 PM","3/12/2020 8:24:01 PM","02:24:00","1920.86","1920.86","KSuccess",,"3/13/2020 3:53:06 AM","3/13/2020 3:53:20 AM","00:00:14","0.26","11.89","1920.86","02:24:00","02:24:00","02:24:00",,"1920.86"
"3107292","sql_prod9_view_repl",,"KFailure","KMedium","120",,"dd_share_prod_no_repl","45",,,"fs744.sigi.us.selective.com","3/12/2020 6:00:01 PM","3/12/2020 8:24:01 PM","02:24:00","1920.86","1920.86","KSuccess",,"3/13/2020 3:53:06 AM","3/13/2020 3:53:20 AM","00:00:14","0.26","11.89","1920.86","02:24:00","02:24:00","02:24:00",,"1920.86"
"3107332","sql_prod4_view_repl",,"KFailure","KMedium","120",,"dd_share_prod_no_repl","45",,,"fs744.sigi.us.selective.com","3/12/2020 6:00:01 PM","3/12/2020 8:24:01 PM","02:24:00","1920.86","1920.86","KSuccess",,"3/13/2020 3:53:06 AM","3/13/2020 3:53:20 AM","00:00:14","0.26","11.89","1920.86","02:24:00","02:24:00","02:24:00",,"1920.86"
"3107343","sql_prod5_view_repl",,"KFailure","KMedium","120",,"dd_share_prod_no_repl","45",,,"fs744.sigi.us.selective.com","3/12/2020 6:00:01 PM","3/12/2020 8:24:01 PM","02:24:00","1920.86","1920.86","KSuccess",,"3/13/2020 3:53:06 AM","3/13/2020 3:53:20 AM","00:00:14","0.26","11.89","1920.86","02:24:00","02:24:00","02:24:00",,"1920.86"
"3107353","sql_prod8_view_repl",,"KFailure","KMedium","120",,"dd_share_prod_no_repl","45",,,"fs744.sigi.us.selective.com","3/12/2020 6:00:01 PM","3/12/2020 8:24:01 PM","02:24:00","1920.86","1920.86","KSuccess",,"3/13/2020 3:53:06 AM","3/13/2020 3:53:20 AM","00:00:14","0.26","11.89","1920.86","02:24:00","02:24:00","02:24:00",,"1920.86"
"3125187","biztalk_bkp",,"KFailure","KMedium","720",,"dd_share_prod","45",,"KSuccess","\\adbr-fs01o\data","3/12/2020 5:48:01 PM","3/12/2020 5:48:08 PM","00:00:07","0","2.62","KSuccess","\\adbr-fs01o\data","3/12/2020 5:50:05 PM","3/12/2020 5:53:27 PM","00:03:22","0","22955.17","2.62","00:00:07","00:00:07","00:00:07","1","2.62"
"3133525","exch_bkp",,"KFailure","KMedium","720",,"Bronze","45","This is the Bronze Policy","KSuccess","mbx6","3/12/2020 6:30:01 PM","3/12/2020 9:18:34 PM","02:48:33","1116.71","1116.71","KSuccess",,"3/12/2020 5:50:05 PM","3/12/2020 5:53:27 PM","00:03:22","0","22955.17","1116.71","02:48:33","02:48:33","02:48:33","1","1116.71"
"3171984","add_hoc_bkp_30d",,"KFailure","KMedium","720",,"Bronze_NoBlackout","45",,,"mbx6","3/12/2020 6:30:01 PM","3/12/2020 9:18:34 PM","02:48:33","1116.71","1116.71","KSuccess",,"3/12/2020 5:50:05 PM","3/12/2020 5:53:27 PM","00:03:22","0","22955.17","1116.71","02:48:33","02:48:33","02:48:33",,"1116.71"
"3205386","nas_unity600_edal-fs02t",,"KFailure","KMedium","720",,"nas_unity600_prod","45",,"KSuccess","\\nas0641-b-01\edal-fs02t","3/12/2020 11:06:00 PM","3/12/2020 11:09:22 PM","00:03:22","0","2.07","KSuccess",,"3/12/2020 5:50:05 PM","3/12/2020 5:53:27 PM","00:03:22","0","22955.17","2.07","00:03:22","00:03:22","00:03:22","1","2.07"
"3205387","nas_unity600_fs121",,"KFailure","KMedium","720",,"nas_unity600_prod","45",,"KSuccess","\\nas0641-b-01\fs121","3/12/2020 11:09:01 PM","3/12/2020 11:11:49 PM","00:02:48","0","0.07","KSuccess",,"3/12/2020 5:50:05 PM","3/12/2020 5:53:27 PM","00:03:22","0","22955.17","0.07","00:02:48","00:02:48","00:02:48","1","0.07"
"3205424","nas_unity600_fs120",,"KFailure","KMedium","720",,"nas_unity600_prod","45",,"KSuccess","\\nas0641-b-01\fs120","3/13/2020 12:45:01 AM","3/13/2020 12:45:09 AM","00:00:08","0","0.13","KSuccess",,"3/12/2020 5:50:05 PM","3/12/2020 5:53:27 PM","00:03:22","0","22955.17","0.13","00:00:08","00:00:08","00:00:08","1","0.13"
"3205425","nas_unity600_fs111_snapshot",,"KFailure","KMedium","720",,"nas_unity600_prod","45",,"KSuccess","\\nas0641-b-01\fs111","3/12/2020 6:47:00 PM","3/13/2020 7:36:06 AM","12:49:06","0","529.27","KSuccess",,"3/12/2020 5:50:05 PM","3/12/2020 5:53:27 PM","00:03:22","0","22955.17","529.27","12:49:05","12:49:05","12:49:05","1","529.27"
"3205426","nas_unity600_fs050",,"KFailure","KMedium","720",,"nas_unity600_prod","45",,"KSuccess","\\nas0641-b-01\fs050","3/13/2020 12:48:00 AM","3/13/2020 1:49:08 AM","01:01:08","0","1518.58","KSuccess",,"3/12/2020 5:50:05 PM","3/12/2020 5:53:27 PM","00:03:22","0","22955.17","1518.58","01:01:08","01:01:08","01:01:08","1","1518.58"
"3205427","nas_unity600_earp-fs02p",,"KFailure","KMedium","720",,"nas_unity600_prod","45",,"KSuccess","\\nas0641-b-01\earp-fs02p","3/13/2020 12:50:00 AM","3/13/2020 12:51:23 AM","00:01:23","0","52.01","KSuccess",,"3/12/2020 5:50:05 PM","3/12/2020 5:53:27 PM","00:03:22","0","22955.17","52.01","00:01:23","00:01:23","00:01:23","1","52.01"
"3205428","nas_unity600_earp-fs02d",,"KFailure","KMedium","720",,"nas_unity600_prod","45",,"KSuccess","\\nas0641-a-01\earp-fs02d","3/13/2020 12:51:01 AM","3/13/2020 12:52:15 AM","00:01:14","0","52.5","KSuccess",,"3/12/2020 5:50:05 PM","3/12/2020 5:53:27 PM","00:03:22","0","22955.17","52.5","00:01:14","00:01:14","00:01:14","1","52.5"
"3205429","nas_unity600_ECMS-NFS01T",,"KFailure","KMedium","720",,"nas_unity600_test","15",,"KSuccess","\\nas0641-a-01\ECMS-NFS01T","3/13/2020 12:52:00 AM","3/13/2020 12:52:07 AM","00:00:07","0","0","KSuccess",,"3/12/2020 5:50:05 PM","3/12/2020 5:53:27 PM","00:03:22","0","22955.17","0","00:00:07","00:00:07","00:00:07","1","0"
"3205433","nas_unity600_ADFS-NFS01T",,"KFailure","KMedium","720",,"nas_unity600_test","15",,"KSuccess","\\nas0641-b-01\ADFS-NFS01T","3/13/2020 12:53:01 AM","3/13/2020 12:53:06 AM","00:00:05","0","0","KSuccess",,"3/12/2020 5:50:05 PM","3/12/2020 5:53:27 PM","00:03:22","0","22955.17","0","00:00:05","00:00:05","00:00:05","1","0"
"3205640","adhoc_30Days_testVM_CRQ000000042616",,"KFailure","KMedium","120",,"Bronze_NoBlackout","45",,,"\\nas0641-b-01\ADFS-NFS01T","3/13/2020 12:53:01 AM","3/13/2020 12:53:06 AM","00:00:05","0","0","KSuccess",,"3/12/2020 5:50:05 PM","3/12/2020 5:53:27 PM","00:03:22","0","22955.17","0","00:00:05","00:00:05","00:00:05",,"0"
"3226608","prod_file_45d_exce",,"KFailure","KMedium","720",,"file_prod_45d","45",,"KSuccess","DB250","3/12/2020 6:00:01 PM","3/12/2020 6:43:02 PM","00:43:01","3759.73","160.01","KSuccess",,"3/12/2020 5:50:05 PM","3/12/2020 5:53:27 PM","00:03:22","0","22955.17","160.01","00:43:00","00:43:00","00:43:00","1","160.01"
"3235938","netezza_test_view",,"KFailure","KMedium","120",,"view_protection_test","15",,"KSuccess","netezza_test","3/12/2020 11:31:00 PM","3/12/2020 11:31:01 PM","00:00:01","3504.77","3504.77","KSuccess",,"3/12/2020 5:50:05 PM","3/12/2020 5:53:27 PM","00:03:22","0","22955.17","3504.77","00:00:01","00:00:01","00:00:01","1","3504.77"
"3243901","remote_office_block_Glastonbury",,"KFailure","KMedium","720",,"Remote_Office_NoBlackout","45",,"KSuccess","cvww-ap01p.sigi.us.selective.com","3/12/2020 6:00:01 PM","3/12/2020 8:08:51 PM","02:08:50","579.87","579.87","KSuccess",,"3/12/2020 5:50:05 PM","3/12/2020 5:53:27 PM","00:03:22","0","22955.17","579.87","02:08:49","02:08:49","02:08:49","1","579.87"
"3252403","phy_file_prod_45d_8-30pm",,"KFailure","KMedium","720",,"prod_file_repl_az","45",,"KSuccess","mgmt090.sigi.us.selective.com","3/12/2020 8:30:00 PM","3/12/2020 8:57:01 PM","00:27:01","444.22","157.28","KSuccess","System.Object[]","3/12/2020 8:54:10 PM","3/12/2020 9:18:19 PM","00:24:09","7.46","189.21","157.28","00:27:00","00:27:00","00:27:00","1","157.28"
"3252600","test_block_file_bkp_10pm",,"KFailure","KMedium","720",,"file_test","15",,"KSuccess","AP709","3/12/2020 10:00:01 PM","3/12/2020 10:16:44 PM","00:16:43","4970.97","169.99","KSuccess",,"3/12/2020 8:54:10 PM","3/12/2020 9:18:19 PM","00:24:09","7.46","189.21","169.99","00:16:42","00:16:42","00:16:42","1","169.99"
"3258419","vm_prod_90d_6pm",,"KFailure","KMedium","720",,"prod_90d","90",,,"AP709","3/12/2020 10:00:01 PM","3/12/2020 10:16:44 PM","00:16:43","4970.97","169.99","KSuccess",,"3/12/2020 8:54:10 PM","3/12/2020 9:18:19 PM","00:24:09","7.46","189.21","169.99","00:16:42","00:16:42","00:16:42",,"169.99"
"3258420","vm_prod_1year_6pm",,"KFailure","KMedium","720",,"prod_1year","365",,,"AP709","3/12/2020 10:00:01 PM","3/12/2020 10:16:44 PM","00:16:43","4970.97","169.99","KSuccess",,"3/12/2020 8:54:10 PM","3/12/2020 9:18:19 PM","00:24:09","7.46","189.21","169.99","00:16:42","00:16:42","00:16:42",,"169.99"
"3273773","prod_file_block_10pm",,"KFailure","KMedium","720",,"file_prod_45d","45",,"KFailure","COPP-IS01P","3/13/2020 4:51:33 AM","3/13/2020 5:17:12 AM","00:25:39","999.99","999.99","KSuccess",,"3/12/2020 8:54:10 PM","3/12/2020 9:18:19 PM","00:24:09","7.46","189.21","7607.65","01:50:53","01:50:53","01:50:53",,"7607.65"
"3279100","prod_proceed_block_11am","Don't change schedule since application team wanted this be at 11am","KFailure","KMedium","720",,"file_prod_45d","45",,"KSuccess","ap729.sigi.us.selective.com","3/13/2020 11:00:00 AM","3/13/2020 1:51:04 PM","02:51:04","3405.82","3405.82","KSuccess",,"3/12/2020 8:54:10 PM","3/12/2020 9:18:19 PM","00:24:09","7.46","189.21","3405.82","02:51:04","02:51:04","02:51:04","1","3405.82"
"3284169","nas_unity600_new_fs204",,"KFailure","KMedium","720",,"nas_unity600_prod","45",,"KSuccess","\\nas0641-a-01.sigi.us.selective.com\new_fs204","3/13/2020 3:25:00 AM","3/13/2020 4:57:46 AM","01:32:46","0","242.04","KSuccess",,"3/12/2020 8:54:10 PM","3/12/2020 9:18:19 PM","00:24:09","7.46","189.21","242.04","01:32:45","01:32:45","01:32:45","1","242.04"
"3289551","test_proced_block_5am",,"KFailure","KMedium","720",,"file_test","15",,"KSuccess","AP728","3/13/2020 5:00:00 AM","3/13/2020 8:26:43 AM","03:26:43","3046.28","3046.28","KSuccess",,"3/12/2020 8:54:10 PM","3/12/2020 9:18:19 PM","00:24:09","7.46","189.21","3046.28","03:26:43","03:26:43","03:26:43","1","3046.28"
"3294695","remote_office_block_easthannover_2",,"KFailure","KMedium","720",,"Remote_Office_NoBlackout","45",,"KSuccess","CVWW-AP10P","3/12/2020 6:00:01 PM","3/12/2020 7:12:56 PM","01:12:55","40","40","KSuccess",,"3/12/2020 8:54:10 PM","3/12/2020 9:18:19 PM","00:24:09","7.46","189.21","40","01:12:55","01:12:55","01:12:55","1","40"
"3294697","remote_office_blcok_charlotte_2",,"KFailure","KMedium","720",,"Remote_Office_NoBlackout","45",,"KSuccess","CVWW-AP02P","3/12/2020 6:00:01 PM","3/12/2020 8:58:05 PM","02:58:04","40","40","KSuccess",,"3/12/2020 8:54:10 PM","3/12/2020 9:18:19 PM","00:24:09","7.46","189.21","40","02:58:03","02:58:03","02:58:03","1","40"
"3294712","remote_office_block_mountlaurel_2",,"KFailure","KMedium","720",,"Remote_Office_NoBlackout","45",,"KSuccess","CVWW-AP11P","3/12/2020 6:00:01 PM","3/12/2020 8:47:19 PM","02:47:18","40","40","KSuccess",,"3/12/2020 8:54:10 PM","3/12/2020 9:18:19 PM","00:24:09","7.46","189.21","40","02:47:17","02:47:17","02:47:17","1","40"
"3294713","remote_office_block_richmond_2",,"KFailure","KMedium","720",,"Remote_Office_NoBlackout","45",,"KSuccess","ECFP-WF01P","3/12/2020 6:00:01 PM","3/12/2020 9:02:52 PM","03:02:51","159.87","159.87","KSuccess",,"3/12/2020 8:54:10 PM","3/12/2020 9:18:19 PM","00:24:09","7.46","189.21","159.87","03:02:50","03:02:50","03:02:50","1","159.87"
"3294714","remote_office_block_scottsdale_2",,"KFailure","KMedium","720",,"Remote_Office_NoBlackout","45",,"KSuccess","CVWW-AP06P","3/12/2020 6:00:01 PM","3/12/2020 9:08:55 PM","03:08:54","40","40","KSuccess",,"3/12/2020 8:54:10 PM","3/12/2020 9:18:19 PM","00:24:09","7.46","189.21","40","03:08:53","03:08:53","03:08:53","1","40"
"3310796","remote_office_block_allentown_noc",,"KFailure","KMedium","720",,"noc_monthly","45",,,"CVWW-AP06P","3/12/2020 6:00:01 PM","3/12/2020 9:08:55 PM","03:08:54","40","40","KSuccess",,"3/12/2020 8:54:10 PM","3/12/2020 9:18:19 PM","00:24:09","7.46","189.21","40","03:08:53","03:08:53","03:08:53",,"40"
"3310803","remote_office_block_huntvalley_noc",,"KFailure","KMedium","720",,"noc_monthly","45",,,"CVWW-AP06P","3/12/2020 6:00:01 PM","3/12/2020 9:08:55 PM","03:08:54","40","40","KSuccess",,"3/12/2020 8:54:10 PM","3/12/2020 9:18:19 PM","00:24:09","7.46","189.21","40","03:08:53","03:08:53","03:08:53",,"40"
"3310805","remote_office_block_hamilton_noc",,"KFailure","KMedium","720",,"noc_monthly","45",,,"CVWW-AP06P","3/12/2020 6:00:01 PM","3/12/2020 9:08:55 PM","03:08:54","40","40","KSuccess",,"3/12/2020 8:54:10 PM","3/12/2020 9:18:19 PM","00:24:09","7.46","189.21","40","03:08:53","03:08:53","03:08:53",,"40"
"3310808","remote_office_block_charlotte_noc",,"KFailure","KMedium","720",,"noc_monthly","45",,,"CVWW-AP06P","3/12/2020 6:00:01 PM","3/12/2020 9:08:55 PM","03:08:54","40","40","KSuccess",,"3/12/2020 8:54:10 PM","3/12/2020 9:18:19 PM","00:24:09","7.46","189.21","40","03:08:53","03:08:53","03:08:53",,"40"
"3310810","remote_office_block_indianapolis_noc",,"KFailure","KMedium","720",,"noc_monthly","45",,,"CVWW-AP06P","3/12/2020 6:00:01 PM","3/12/2020 9:08:55 PM","03:08:54","40","40","KSuccess",,"3/12/2020 8:54:10 PM","3/12/2020 9:18:19 PM","00:24:09","7.46","189.21","40","03:08:53","03:08:53","03:08:53",,"40"
"3310812","remote_office_block_richmond1_noc",,"KFailure","KMedium","720",,"noc_monthly","45",,,"CVWW-AP06P","3/12/2020 6:00:01 PM","3/12/2020 9:08:55 PM","03:08:54","40","40","KSuccess",,"3/12/2020 8:54:10 PM","3/12/2020 9:18:19 PM","00:24:09","7.46","189.21","40","03:08:53","03:08:53","03:08:53",,"40"
"3310814","remote_office_block_richmond2_noc",,"KFailure","KMedium","720",,"noc_monthly","45",,,"CVWW-AP06P","3/12/2020 6:00:01 PM","3/12/2020 9:08:55 PM","03:08:54","40","40","KSuccess",,"3/12/2020 8:54:10 PM","3/12/2020 9:18:19 PM","00:24:09","7.46","189.21","40","03:08:53","03:08:53","03:08:53",,"40"
"3330633","remote_office_block_Scottsdale_noc",,"KFailure","KMedium","720",,"noc_monthly","45",,,"CVWW-AP06P","3/12/2020 6:00:01 PM","3/12/2020 9:08:55 PM","03:08:54","40","40","KSuccess",,"3/12/2020 8:54:10 PM","3/12/2020 9:18:19 PM","00:24:09","7.46","189.21","40","03:08:53","03:08:53","03:08:53",,"40"
"3333554","nas_unity600_fp706_snapshot",,"KFailure","KMedium","1440",,"nas_unity600_prod","45",,,"CVWW-AP06P","3/12/2020 6:00:01 PM","3/12/2020 9:08:55 PM","03:08:54","40","40","KSuccess",,"3/12/2020 8:54:10 PM","3/12/2020 9:18:19 PM","00:24:09","7.46","189.21","40","03:08:53","03:08:53","03:08:53",,"40"
"3637399","dc_system_state_bkp_10pm ",,"KFailure","KMedium","1200",,"DC_SYSTEMSTATE","45",,"KSuccess","RDC14","3/12/2020 10:30:01 PM","3/12/2020 10:37:13 PM","00:07:12","340","340","KSuccess",,"3/12/2020 8:54:10 PM","3/12/2020 9:18:19 PM","00:24:09","7.46","189.21","340","00:07:12","00:07:12","00:07:12","1","340"
"3678552","nas_unity600_immm-ap01p",,"KFailure","KMedium","720",,"nas_unity600_prod","45",,"KSuccess","\\nas0641-A-01\immm-ap01p","3/12/2020 10:24:00 PM","3/12/2020 10:24:41 PM","00:00:41","0","0.06","KSuccess",,"3/12/2020 8:54:10 PM","3/12/2020 9:18:19 PM","00:24:09","7.46","189.21","0.06","00:00:41","00:00:41","00:00:41","1","0.06"
"3678594","nas_unity600_adsh-fs01p",,"KFailure","KMedium","720",,"nas_unity600_prod","45",,"KSuccess","\\nas0641-a-01\adsh-fs01p","3/12/2020 11:18:00 PM","3/13/2020 2:09:43 AM","02:51:43","0","53.85","KSuccess",,"3/12/2020 8:54:10 PM","3/12/2020 9:18:19 PM","00:24:09","7.46","189.21","53.85","02:51:43","02:51:43","02:51:43","1","53.85"
"3678595","nas_unity600_adsh-fs01t",,"KFailure","KMedium","720",,"nas_unity600_test","15",,"KSuccess","\\nas0641-b-01\adsh-fs01t","3/12/2020 11:20:00 PM","3/12/2020 11:21:43 PM","00:01:43","0","0","KSuccess",,"3/12/2020 8:54:10 PM","3/12/2020 9:18:19 PM","00:24:09","7.46","189.21","0","00:01:43","00:01:43","00:01:43","1","0"
"3678596","nas_unity600_immm-ap01t",,"KFailure","KMedium","720",,"nas_unity600_test","15",,"KSuccess","\\nas0641-b-01\immm-ap01t","3/12/2020 11:21:00 PM","3/12/2020 11:22:20 PM","00:01:20","0","0.11","KSuccess",,"3/12/2020 8:54:10 PM","3/12/2020 9:18:19 PM","00:24:09","7.46","189.21","0.11","00:01:20","00:01:20","00:01:20","1","0.11"
"3722243","Backup_Cohesity_archive_view",,"KFailure","KMedium","120",,"Archive_3_years","1095",,"KSuccess","cohesity_archive","3/13/2020 3:07:01 AM","3/13/2020 3:07:04 AM","00:00:03","389.32","389.32","KSuccess",,"3/12/2020 8:54:10 PM","3/12/2020 9:18:19 PM","00:24:09","7.46","189.21","389.32","00:00:03","00:00:03","00:00:03","1","389.32"
"3734902","testnasserver_snapshot",,"KFailure","KMedium","120",,"Bronze","45","This is the Bronze Policy",,"cohesity_archive","3/13/2020 3:07:01 AM","3/13/2020 3:07:04 AM","00:00:03","389.32","389.32","KSuccess",,"3/12/2020 8:54:10 PM","3/12/2020 9:18:19 PM","00:24:09","7.46","189.21","389.32","00:00:03","00:00:03","00:00:03",,"389.32"
"3948996","vm_test7pm",,"KFailure","KMedium","720",,"bronze_test","15",,"KSuccess","ESIR-AP269S","3/12/2020 7:00:01 PM","3/12/2020 8:48:23 PM","01:48:22","4960","4960","KSuccess",,"3/12/2020 8:54:10 PM","3/12/2020 9:18:19 PM","00:24:09","7.46","189.21","4960","01:48:21","01:48:21","01:48:21","1","4960"
"3969994","vm_prod_10pm",,"KFailure","KMedium","720",,"Bronze_NoBlackout","45",,"KSuccess","ESAP-IS309D","3/12/2020 10:00:01 PM","3/12/2020 10:20:59 PM","00:20:58","10588","10478","KSuccess",,"3/12/2020 8:54:10 PM","3/12/2020 9:18:19 PM","00:24:09","7.46","189.21","10478","00:20:57","00:20:57","00:20:57","1","10478"
"4058310","talg-fs01p_archive01_prod_view_repl_az",,"KFailure","KMedium","120",,"view_protection_prod_repl_az_90d","90",,"KSuccess","talg-fs01p_archive01","3/13/2020 12:34:02 AM","3/13/2020 12:34:02 AM","00:00:00","2263.82","2264.11","KSuccess","talg-fs01p_archive01","3/13/2020 12:34:06 AM","3/13/2020 12:47:48 AM","00:13:42","18.6","2264.11","2264.11","00:00:00","00:00:00","00:20:57","1","2264.11"
"4128915","prod_nas_file_repl_az",,"KFailure","KMedium","720",,"prod_file_repl_az","45",,"KSuccess","\\ap336\c$","3/13/2020 12:54:00 AM","3/13/2020 1:08:49 AM","00:14:49","0","128.44","KSuccess","System.Object[]","3/13/2020 1:00:07 AM","3/13/2020 1:11:41 AM","00:11:34","2.82","138.38","128.44","00:14:49","00:14:49","00:14:49","1","128.44"
"4202332","prod_aix_file_block",,"KFailure","KMedium","720",,"file_prod_45d","45",,"KSuccess","mgmt111","3/12/2020 9:24:00 PM","3/12/2020 9:28:23 PM","00:04:23","221.96","221.96","KSuccess",,"3/13/2020 1:00:07 AM","3/13/2020 1:11:41 AM","00:11:34","2.82","138.38","221.96","00:04:23","00:04:23","00:04:23","1","221.96"
"4217771","test_aix_file",,"KFailure","KMedium","720",,"file_test","15",,"KSuccess","cmmc-db02d.selective.com","3/13/2020 12:10:00 AM","3/13/2020 12:10:32 AM","00:00:32","2394.38","0.03","KSuccess",,"3/13/2020 1:00:07 AM","3/13/2020 1:11:41 AM","00:11:34","2.82","138.38","0.03","00:00:32","00:00:32","00:00:32","1","0.03"
"4227518","prod_file_block_test","This job is created for testing on server COPP-AP01P","KFailure","KMedium","720",,"file_prod_45d","45",,"KSuccess","COPP-AP01P","3/12/2020 10:00:01 PM","3/12/2020 10:03:02 PM","00:03:01","999.87","29.07","KSuccess",,"3/13/2020 1:00:07 AM","3/13/2020 1:11:41 AM","00:11:34","2.82","138.38","29.07","00:03:01","00:03:01","00:03:01","1","29.07"
